<?xml version="1.0" encoding="ISO-8859-1"?>
<Configuration>
<Shared_FilePath>\\punnfil02\Reporting and Analytics COE$\Reports\Karine\Global Reporting\Actual Deck\YYYY\MMM\</Shared_FilePath>

<!--Shared_Generic_FilePath>\\DIN51002067\SharedPath\YYYY\MMM\</Shared_Generic_FilePath-->
<ErrorLog_FilePath>ErrorLog\Capex_ErrorLog\</ErrorLog_FilePath>
<!--Shared_Local_Filepath>\\DIN51002067\SharedPath\YYYY\MMM\</Shared_Local_Filepath-->
<CAPEX_FileName>Capex Summary MMMYY Forecast.xlsx</CAPEX_FileName>
<GenericException_FilePath>GenericException.xaml</GenericException_FilePath>



<XMLLocalFolderPath>D:\Users\username\Documents\FinanceCOE\</XMLLocalFolderPath>
<Result_Filename>CAPEX_COE_Result_Internal.xlsx</Result_Filename>
<Final_Filename>Template\Capex\CAPEX_COE_Final_Report.xlsx</Final_Filename>
<Backup_Final_Filename>Template\Capex\Backup\CAPEX_COE_Final_Report.xlsx</Backup_Final_Filename>
<Mapping_Filename>Template\Capex\CAPEX_COE_Mapping.xlsx</Mapping_Filename>
<Backup_Filename>Capex\CAPEX_COE_Result_Internal.xlsx</Backup_Filename>
<Delete_Filename>DeleteFiles.xaml</Delete_Filename>
<Cleanup_Filename>Cleanup.xaml</Cleanup_Filename>
<Login_Filename>Login.xaml</Login_Filename>
<ScreenshotFolderName>CAPEXScreenshot\</ScreenshotFolderName>
<Search_OutputFile>A - ARVE (BU Managed, Vacation included)</Search_OutputFile>
<TemplateFolderName>Template</TemplateFolderName>

<CAPEX_File_ARVE_Blended_Sheet1>Log</CAPEX_File_ARVE_Blended_Sheet1>


<CAPEX_File_ARVE_Blended_Sheet2>Summary</CAPEX_File_ARVE_Blended_Sheet2>

<CAPEX_File_ARVE_Blended_Sheet4>Detail</CAPEX_File_ARVE_Blended_Sheet4>

<CAPEX_File_ARVE_Blended_Sheet5>Data</CAPEX_File_ARVE_Blended_Sheet5>
<CAPEX_File_ARVE_Blended_Sheet4_Keysheet1>C1</CAPEX_File_ARVE_Blended_Sheet4_Keysheet1> 
<CAPEX_File_ARVE_Blended_Sheet4_Keysheet2>D1</CAPEX_File_ARVE_Blended_Sheet4_Keysheet2> 
<CAPEX_File_ARVE_Blended_Sheet4_Keysheet3>C2</CAPEX_File_ARVE_Blended_Sheet4_Keysheet3> 
<CAPEX_File_ARVE_Blended_Sheet4_Keysheet4>D2</CAPEX_File_ARVE_Blended_Sheet4_Keysheet4> 


<CAPEX_File_ARVE_Blended_Sheet7>Database</CAPEX_File_ARVE_Blended_Sheet7>
<CAPEX_NumberOfSheets>10</CAPEX_NumberOfSheets>


<CAPEX_File_ARVE_Blended_Sheet8>Deck Slides</CAPEX_File_ARVE_Blended_Sheet8>
<CAPEX_File_ARVE_Blended_Sheet9>Review Level</CAPEX_File_ARVE_Blended_Sheet9>


<!--  End : CAPEX File  -->

<!-- Search : Start -->
<CAPEX_Sheets_Count>10</CAPEX_Sheets_Count>
<CAPEX_Summary_keyword_start1>CAPEX</CAPEX_Summary_keyword_start1>
<CAPEX_Summary_keyword2_start2>F-B</CAPEX_Summary_keyword2_start2>
<CAPEX_Summary_FB_cell>H4</CAPEX_Summary_FB_cell>

<intCountSheets>10</intCountSheets>
<CAPEX_Summary_keyword_start1>CAPEX</CAPEX_Summary_keyword_start1>
<CAPEX_Detail_keyword_start1>Sum of Amount (</CAPEX_Detail_keyword_start1>
<CAPEX_Summary_keyword_start3>Group</CAPEX_Summary_keyword_start3>
<CAPEX_Detail_keyword_start2>Forecast_PrevMonth</CAPEX_Detail_keyword_start2>
<!--CAPEX_Detail_keyword_start3>COMCOR</CAPEX_Detail_keyword_start3-->
<strGetStartingCellValue2>H4</strGetStartingCellValue2>
<CAPEX_Summary_keyword_end1>Grand Total</CAPEX_Summary_keyword_end1>
<CAPEX_Detail_keyword_COMCOR>COMCOR</CAPEX_Detail_keyword_COMCOR>
<CAPEX_Detail_keyword_APPS1>APPS1</CAPEX_Detail_keyword_APPS1>
<CAPEX_Detail_keyword_COMCORTotal>COMCOR Total</CAPEX_Detail_keyword_COMCORTotal>
<CAPEX_Summary_Keyword_SharedServices>Shared Services</CAPEX_Summary_Keyword_SharedServices>
<CAPEX_Detail_Keyword_SharedServices>Shared Services</CAPEX_Detail_Keyword_SharedServices>
<strCapex>CAPEX</strCapex>
<CAPEX_Detail_Keyword_strSharedServicesTotal>Shared Services Total</CAPEX_Detail_Keyword_strSharedServicesTotal>
<ResultSheet_SharedServicesMapping>SharedServicesMapping</ResultSheet_SharedServicesMapping>
<ResultSheet_BUMapping>BUMapping</ResultSheet_BUMapping>
<ResultSheet_Result>Result1</ResultSheet_Result>
<ResultSheet_ResultMain>Result</ResultSheet_ResultMain>
<ResultSheet_DetailSharedServices>DetailSharedServices</ResultSheet_DetailSharedServices>
<ResultSheet_DetailOthers>DetailOthers</ResultSheet_DetailOthers>
<CAPEX_Detail_Keyword_GrandTotal>Grand Total</CAPEX_Detail_Keyword_GrandTotal>
<CAPEX_Summary_keyword_SBUADJ>SBU ADJ</CAPEX_Summary_keyword_SBUADJ>
<Forecast_PrevMonth>Forecast_PrevMonth</Forecast_PrevMonth>
<Forecast_CurrentMonth>Forecast_CurrentMonth</Forecast_CurrentMonth>
<!-- Search : End -->
<!--Mail -->
<to>prathmesh.thergaonkar@capgemini.com</to>
<subject>Capex Files</subject>
<body>Attached are the capex files after processing</body>
<SmartView_Credentials>SmartViewAccess</SmartView_Credentials>
<cc>amit.apte@capgemini.com</cc>

<!--Pandey Part Below-->

<CAPEX_File_ARVE_Blended_Sheet2>Summary</CAPEX_File_ARVE_Blended_Sheet2>

<CAPEX_File_ARVE_Blended_Sheet4>Detail</CAPEX_File_ARVE_Blended_Sheet4>

<CAPEX_File_ARVE_Blended_Sheet5>Data</CAPEX_File_ARVE_Blended_Sheet5>
<CAPEX_File_ARVE_Blended_Sheet4_Keysheet1>C1</CAPEX_File_ARVE_Blended_Sheet4_Keysheet1> 
<CAPEX_File_ARVE_Blended_Sheet4_Keysheet2>D1</CAPEX_File_ARVE_Blended_Sheet4_Keysheet2> 
<CAPEX_File_ARVE_Blended_Sheet4_Keysheet3>C2</CAPEX_File_ARVE_Blended_Sheet4_Keysheet3> 
<CAPEX_File_ARVE_Blended_Sheet4_Keysheet4>D2</CAPEX_File_ARVE_Blended_Sheet4_Keysheet4> 

<CAPEX_File_ARVE_Blended_Sheet2_Keysheet>Shared Services,COMCOR,SBU ADJ,France Global,Infra,Business Services,Sogeti,Latam,FS,Apps1,Apps2,CC,Testing,Invest,DCX</CAPEX_File_ARVE_Blended_Sheet2_Keysheet>
<CAPEX_File_ARVE_Blended_Sheet4_Keysheet>Shared Services Total,COMCOR Total,SBU ADJ Total,France Global Total,Infra Total,Business Services Total,Sogeti Total,LatAm Total,FS Total,Apps1 Total,Apps2 Total,CC Total,Testing Total,Invest Total,DCX Total</CAPEX_File_ARVE_Blended_Sheet4_Keysheet>

<Implementation_Calender_FileName>Template\YYYY Group Finance Reporting Timetable.xlsx</Implementation_Calender_FileName>
<Report_Type>Forecast</Report_Type>
<TroomURL>\\troom.capgemini.com@SSL\DavWWWRoot\sites\gfs\hfm\Guidelines%20%20business rules\</TroomURL> 
<OutputFileSearch_Criteria>HFM_CURRENT_DIM_</OutputFileSearch_Criteria> 
</Configuration>


