<?xml version="1.0" encoding="ISO-8859-1"?>
<Configuration>
<!--Keywords>Salesforce and 201 and 401</Keywords-->
<ExcelFilePath>D:\Users\UserName\Documents\Uk Library.xlsx</ExcelFilePath>
<InputExcelFile>D:\Users\UserName\Documents\Recruitment RPA\Temp\Cv Library\Input CV Library.xlsx</InputExcelFile>
<SharedFilePath>\\troom-x.capgemini.com@SSL\DavWWWRoot\sites\recruitmentsourcing\RPA Automation\RPA_UK\</SharedFilePath>
<ErrorLogFile>ErrorLog\CV Library\</ErrorLogFile>
<Website>https://www.cv-library.co.uk/recruiter/login</Website>
<Email>satyajit.sathe@capgemini.com</Email>
<ReportFile>D:\Users\UserName\Documents\Recruitment RPA\Temp\Cv Library\Report CV Library.xlsx</ReportFile>

<!--MacroFilePath>D:\Users\UserName\Documents\Recruitment RPA\Template\Cv Library\Macro.xlsm</MacroFilePath-->

<User_Name_Group>abhinans</User_Name_Group>


<File_Path>D:\Automation\FinanceCOE\Template</File_Path>
<Get_User_Name>D:\Automation\FinanceCOE\Get UserName.xaml</Get_User_Name>
<Report_Details>D:\Automation\FinanceCOE\Report_Details.xaml</Report_Details>
<MoveFilePath>D:\Automation\FinanceCOE\Report Details\</MoveFilePath>

</Configuration>