<?xml version="1.0" encoding="ISO-8859-1"?>
<Configuration>

<!-- Start - File paths -->
<!-- <Shared_FilePath>\\punnfil02\Reporting and Analytics COE$\Reports\Karine\Global Reporting\Actual Deck\FX Landing\</Shared_FilePath> -->
<!--<SharedFilePath>D:\Users\gasumit\Documents\FinanceCOE\SharedPath\</SharedFilePath>-->

<!--GenericPath start-->
<SharedFilePath>D:\Users\gasumit\Documents\FinanceCOE\SharedPath\</SharedFilePath>-->
<!--<SharedFilePath>\\punnfil02\Reporting and Analytics COE$\Reports\Karine\Global Reporting\Actual Deck\FX Landing\</SharedFilePath>-->
<ImageShared_FilePath>\\punnfil02\Reporting and Analytics COE$\Reports\Karine\Global Reporting\Actual Deck\FX Landing\Images\</ImageShared_FilePath> 

<TemporaryFolderPath>Temp\FX_Landing\</TemporaryFolderPath>
<TemplateFolderName>Template\</TemplateFolderName> 
<ReportName>FX_Landing\</ReportName> 

<!--GenericPath End-->

<!-- Year Change -->
	<!--** Landing sheets **-->
<YearChangeKeyword1>External Revenue - Quarter YYYY</YearChangeKeyword1>
<YearChangeKeyword2>BR YY</YearChangeKeyword2>
<YearChangeKeyword3>BR YY Vs Quarter Average Avg</YearChangeKeyword3>
<YearChangeKeyword4>Quarter Average v/s BR'YY for Simulation</YearChangeKeyword4>
<YearChangeKeyword5></YearChangeKeyword5>
<FullYearSheetArray>Q2 YY,Q3 YY,Q4 YY,FY YY</FullYearSheetArray>

	<!--** Quarter sheets **-->
	
<QuarterSheetKeyword1>Application</QuarterSheetKeyword1>
<QuarterSheetKeyword2>GRSYY_PROD</QuarterSheetKeyword2>
<QuarterSheetKeyword3>Year</QuarterSheetKeyword3>
<QuarterSheetKeyword4>Rev Quarter YY</QuarterSheetKeyword4>
<QuarterSheetKeyword5>GOP Quarter YY</QuarterSheetKeyword5>



<!--BBase file Started-->
<Formula>=IF(COUNTIF(B:B,A2)=0,A2,"")</Formula>

<FxDeleteKeyword>Invalid</FxDeleteKeyword>
<DefaultRange>A1</DefaultRange>
<FxLandingFileName>Landing simulation_MMM_FC.xlsx</FxLandingFileName>
<FxPovSheet>POV</FxPovSheet>
<FxPovRange>B3</FxPovRange>
<PovKeyword>Forecast_</PovKeyword>
<FxKeysheet1>Q1'YY Landing</FxKeysheet1>
<FxKeysheet2>Q2'YY Landing</FxKeysheet2>
<FxKeysheet3>Q3'YY Landing</FxKeysheet3>
<FxKeysheet4>Q4'YY Landing</FxKeysheet4>
<FxKeysheet5>H1'YY Landing</FxKeysheet5>
<FxKeysheet6>H2'YY Landing</FxKeysheet6>
<FxKeysheet7>FY'YY Landing</FxKeysheet7>
<FxKeysheet8>Q1'YY</FxKeysheet8>
<FxKeysheet9>Q2'YY</FxKeysheet9>
<FxKeysheet10>Q3'YY</FxKeysheet10>
<FxKeysheet11>Q4'YY</FxKeysheet11>
<FxKeysheet12>H1'YY</FxKeysheet12>
<FxKeysheet13>H2'YY</FxKeysheet13>
<FxKeysheet14>FY'YY</FxKeysheet14>
<FxKeysheet15>SBU ADJ Q1</FxKeysheet15>
<FxKeysheet16>SBU ADJ Q2</FxKeysheet16>
<FxKeysheet17>SBU ADJ Q3</FxKeysheet17>.
<FxKeysheet18>SBU ADJ Q4</FxKeysheet18>
<FxKeysheet19>SBU ADJ H1</FxKeysheet19>
<FxKeysheet20>SBU ADJ H2</FxKeysheet20>
<FxKeysheet21>SBU ADJ FY</FxKeysheet21>

<FxKeyword1>Description</FxKeyword1>
<YearChangeArray>Q1'YY Landing</YearChangeArray>
<!-- Checking Started-->

	<!--**For sbu -->
	
<FxKeysheetCommon>SBU ADJ </FxKeysheetCommon>
<arrayQ1>Q1,Q2,H1,Q3,Q4,H2,FY</arrayQ1>
<arrayQ2>Q2,H1,Q3,Q4,H2,FY</arrayQ2>
<arrayQ3>Q3,Q4,H2,FY</arrayQ3>
<arrayQ4>Q4,H2,FY</arrayQ4>

<CheckingKeyword1>ND</CheckingKeyword1>
<LastRangeNDBlock1>Q38</LastRangeNDBlock1>
<LastRangeNDBlock2>AI38</LastRangeNDBlock2>

	<!--** For landing -->
	
<FxKeysheetLanding> Landing</FxKeysheetLanding>
<FxLandingSearchKeyword>Check - Group</FxLandingSearchKeyword>
<LandingArrayQ1>Q1'YY,Q2'YY,H1'YY,Q3'YY,Q4'YY,H2'YY,FY'YY</LandingArrayQ1>
<LandingArrayQ2>Q2'YY,H1'YY,Q3'YY,Q4'YY,H2'YY,FY'YY</LandingArrayQ2>
<LandingArrayQ3>Q3'YY,Q4'YY,H2'YY,FY'YY</LandingArrayQ3>
<LandingArrayQ4>Q4'YY,H2'YY,FY'YY</LandingArrayQ4>

<!-- Checking Ended-->

<FinalSheetCounter>7</FinalSheetCounter>
<BlockCount>2</BlockCount>
<!--Base file Ended-->


<!--Hfm file Start -->
<OutputFileSearch_Criteria>HFM_CURRENT_DIM_</OutputFileSearch_Criteria>
<HFMSheetName>ENTITY</HFMSheetName>
<HfmMacro1>HfmMacroFxLanding.xlsm</HfmMacro1>
<HfmMacro2>Group Ungroup Macro.xlsm</HfmMacro2>
<HfmKeyword1>Structure</HfmKeyword1>
<HfmNewSheet>Temp</HfmNewSheet>
<HfmKeyword2>Hfm</HfmKeyword2>
<HfmKeyword3>File</HfmKeyword3>

<!--Hfm file End -->

<!--Reporting Calendar  Start -->
<ReportingCalendarName>Year Group Finance Reporting Timetable.xlsx</ReportingCalendarName>
<ReportingCalendarSheetName>Forecast</ReportingCalendarSheetName>

<!-- Reporting Calendar End -->

<!-- Start Generic code -->
<ReportingCalendarFilePath>ReportingCalendarCheck.xaml</ReportingCalendarFilePath>
<TroomURL>\\troom.capgemini.com@SSL\DavWWWRoot\sites\gfs\hfm\Guidelines%20%20business rules\</TroomURL>
<ReportingCalendarName>Year Group Finance Reporting Timetable.xlsx</ReportingCalendarName>
<ErrorLog_FilePath>ErrorLog\FX_Landing\</ErrorLog_FilePath>
<SmartViewCredentials>SmartViewAccess</SmartViewCredentials>
<SmartViewLoginFileName>Login</SmartViewLoginFileName>
<SmartviewRefresh>Refresh Smart View.xaml</SmartviewRefresh>

<CleanUpFilePath>CleanUp.xaml</CleanUpFilePath>
<DeleteFilePath>DeleteFiles.xaml</DeleteFilePath>
<EnableAddInFileName>EnableAddin.xaml</EnableAddInFileName>
<GenericException_FilePath>GenericException.xaml</GenericException_FilePath>
<SearchKeyword_FileName>Search Keyword.xaml</SearchKeyword_FileName>
<FindCellRangeFileName>Find Cell Range.xaml</FindCellRangeFileName>
<SendMailTo_Developer_FileName>SendMailToDeveloper.xaml</SendMailTo_Developer_FileName>
<TroomExcelManipulation_FileName>TroomExcelManipulation.xaml</TroomExcelManipulation_FileName>
<SearchCopyPaste_FileName>SearchCopyPasteFiles.xaml</SearchCopyPaste_FileName>
<ScreenshotFolderPath>ErrorLog\FX_Landing\FX_Landing_Screenshot</ScreenshotFolderPath>
<TimeOut>5000</TimeOut>

<!-- End Generic code -->


<!-- Start : Email -->
<Mail_TO>gaurav.sumit@capgemini.com</Mail_TO>
<Mail_CC></Mail_CC>
<Mail_Subject>FX Landing Report</Mail_Subject>
<Mail_Body>Email_Body.txt</Mail_Body>

<Calendar_Mail_TO>gaurav.sumit@capgemini.com</Calendar_Mail_TO>
<Calendar_Mail_CC></Calendar_Mail_CC>
<Calendar_Mail_Subject>Reporting Calendar Error for FX Landing Report</Calendar_Mail_Subject>
<Calendar_Mail_Body>Reporting_Calendar_Body.txt</Calendar_Mail_Body>

<!--
<Success_Mail_Subject>Booking Evolution paste special file and screenshots of charts for Quarter quarter</Success_Mail_Subject>
<Success_Mail_Body>Booking_Evolution_Mail.txt</Success_Mail_Body>
<Success_Mail_To>kishan.purohit@capgemini.com;prathmesh.thergaonkar@capgemini.com;madhuri.datar@capgemini.com</Success_Mail_To>
-->
<MailToDeveloper>gaurav.sumit@capgemini.com</MailToDeveloper>
<MailCCDeveloper>gaurav.sumit@capgemini.com</MailCCDeveloper>
<ExceptionMailBody>ExceptionMailToClientBody.txt</ExceptionMailBody>

<MailToOwner>gaurav.sumit@capgemini.com</MailToOwner>
<MailCCOwner></MailCCOwner>

-->
<!-- End : Email -->

</Configuration>


