<?xml version="1.0" encoding="ISO-8859-1"?>
<Configuration>

<!-- Start - File paths -->
<!-- <Shared_FilePath>\\punnfil02\Reporting and Analytics COE$\Reports\Karine\Global Reporting\Group Reporting Automation\</Shared_FilePath> -->

<!--GenericPath start-->
<SharedFilePath>D:\Users\gasumit\Documents\FinanceCOE\SharedPath\</SharedFilePath>
<TemporaryFolderPath>Temp\Headcount\</TemporaryFolderPath>
<TemplateFolderName>Template\</TemplateFolderName> 
<ReportName>Headcount\Headcount_PRM_Monthly\</ReportName> <!-- meed to update-->

<!--GenericPath End-->

<!--Prm monthly file Started-->
<PRMMonthlyFileName>PRM Monthly file MMM Year.xlsx</PRMMonthlyFileName>
<SaveAsFile>PRM Monthly file MMM Year_Refresh.xlsx</SaveAsFile>

<PRMKeysheet1>POV</PRMKeysheet1>
<POVMonthRange>B2</POVMonthRange>

<PRMKeysheet2>HC by DISC Periodic</PRMKeysheet2>
<PRMKeysheet3>HC by DISC YTD </PRMKeysheet3>
<PRMKeysheet4>HC by SBU Periodic</PRMKeysheet4>
<PRMKeysheet5>HC by SBU YTD</PRMKeysheet5>
<PRMKeysheet6>Freshers Periodic</PRMKeysheet6>
<PRMKeysheet7>Freshers YTD</PRMKeysheet7>
<PRMCommonDiscKeyword1>Group</PRMCommonDiscKeyword1>

<!--Prm monthly file Ended-->


<!--Hfm file Start -->
<OutputFileSearch_Criteria>HFM_CURRENT_DIM_</OutputFileSearch_Criteria>
<HFMSheetName>ENTITY</HFMSheetName>
<HFMSheetNameRange1>A8</HFMSheetNameRange1>
<HfmMacro>PRM Monthly Hfm Filter</HfmMacro>

<!--Hfm file End -->

<!-- Structure Update Sbu Start -->
<StructureUpdateSbu>Structure Update.xlsx</StructureUpdateSbu>
<Sbu>APPS1,APPS2,FS,SOG,INFRA,CC,BUSSERV,IBSA,DCX,INDGP,SBUSS,SBUADJ,COMCOR,INVEST,SBU</Sbu>
<SbuEntities>15</SbuEntities>
<StructureUpdateSbuKeysheet1>Comparison</StructureUpdateSbuKeysheet1>
<StructureUpdateSbuKeysheet2>DIM</StructureUpdateSbuKeysheet2>
<StructureUpdateSbuRange1>W3</StructureUpdateSbuRange1>
<StructureUpdateSbuKeyword1>COUNT</StructureUpdateSbuKeyword1>

<!-- Structure Update Sbu End -->

<!-- Structure Update Disc Start -->
<StructureUpdateDisc>Structure Update Discpline wise.xlsx</StructureUpdateDisc>
<Disc>AS,ND,BPO,IM,AM,TS,CS,PS</Disc>
<DiscEntities>8</DiscEntities>
<StructureUpdateDiscKeysheet1>Sheet1</StructureUpdateDiscKeysheet1>
<StructureUpdateDiscKeysheet2>DIM</StructureUpdateDiscKeysheet2>
<StructureUpdateDiscRange1>M3</StructureUpdateDiscRange1>
<DefaultRange>A1</DefaultRange>

<!-- Structure Update Disc End -->

<!--Reporting Calendar  Start -->
<ReportingCalendarName>Year Group Finance Reporting Timetable.xlsx</ReportingCalendarName>
<ReportingCalendarSheetName>Actual</ReportingCalendarSheetName>
<ReportingCalendarLastMonth>December</ReportingCalendarLastMonth>

<!-- Reporting Calendar End -->

<!-- Start Generic code -->
<ReportingCalendarFilePath>ReportingCalendarCheck.xaml</ReportingCalendarFilePath>
<TroomURL>\\troom.capgemini.com@SSL\DavWWWRoot\sites\gfs\hfm\Guidelines%20%20business rules\</TroomURL>
<ReportingCalendarName>Year Group Finance Reporting Timetable.xlsx</ReportingCalendarName>
<ErrorLog_FilePath>ErrorLog\Headcount\Headcount_PRM_Monthly\</ErrorLog_FilePath>

<SmartViewCredentials>SmartViewAccess</SmartViewCredentials>
<SmartViewLoginFileName>Login</SmartViewLoginFileName>
<SmartviewRefresh>Refresh Smart View.xaml</SmartviewRefresh>

<CleanUpFilePath>CleanUp.xaml</CleanUpFilePath>
<DeleteFilePath>DeleteFiles.xaml</DeleteFilePath>
<EnableAddInFileName>EnableAddin.xaml</EnableAddInFileName>
<GenericException_FilePath>GenericException.xaml</GenericException_FilePath>
<SearchKeyword_FileName>Search Keyword.xaml</SearchKeyword_FileName>
<FindCellRangeFileName>Find Cell Range.xaml</FindCellRangeFileName>
<SendMailTo_Developer_FileName>SendMailToDeveloper.xaml</SendMailTo_Developer_FileName>
<TroomExcelManipulation_FileName>TroomExcelManipulation.xaml</TroomExcelManipulation_FileName>
<SearchCopyPaste_FileName>SearchCopyPasteFiles.xaml</SearchCopyPaste_FileName>
<ScreenshotFolderPath>ErrorLog\Headcount\Headcount_PRM_Monthly\Headcount_PRM_Monthly_Screenshot</ScreenshotFolderPath>
<TimeOut>5000</TimeOut>

<!-- End Generic code -->


<!-- Start : Email -->
<Mail_TO>gaurav.sumit@capgemini.com</Mail_TO>
<Mail_CC>gaurav.sumit@capgemini.com</Mail_CC>
<Mail_Subject>Headcount Monthly Report</Mail_Subject>
<Mail_Body>Email_Body_Template.txt</Mail_Body>

<Calendar_Mail_TO>gaurav.sumit@capgemini.com</Calendar_Mail_TO>
<Calendar_Mail_CC>gaurav.sumit@capgemini.com</Calendar_Mail_CC>
<Calendar_Mail_Subject>Reporting Calendar Opening HC and Country Split</Calendar_Mail_Subject>
<Calendar_Mail_Body>Reporting_Calendar_Body_OpeningHc_Check.txt</Calendar_Mail_Body>

<!--
<Success_Mail_Subject>Booking Evolution paste special file and screenshots of charts for Quarter quarter</Success_Mail_Subject>
<Success_Mail_Body>Booking_Evolution_Mail.txt</Success_Mail_Body>
<Success_Mail_To>rohit.malhotra@capgemini.com</Success_Mail_To>
-->
<MailToDeveloper>gaurav.sumit@capgemini.com</MailToDeveloper>
<MailCCDeveloper>gaurav.sumit@capgemini.com</MailCCDeveloper>

-->
<!-- End : Email -->

</Configuration>


