<?xml version="1.0" encoding="ISO-8859-1"?>
<Configuration>
<!--<Shared_FolderPath>\\punnfil02\Reporting and Analytics COE$\Reports\Karine\Global Reporting\Actual Deck\<Shared_FolderPath>-->
<Local_Folder_Path>D:\Users\UserName\Documents\Recruitment RPA\</Local_Folder_Path>
<ErrorLog_FilePath>ErrorLog\Final_Output\Integration_ErrorLog_</ErrorLog_FilePath>
<ScreenshotFilePath>ErrorLog\Final_Output\Final_Output Screenshot\</ScreenshotFilePath>
<Temporary_FilePath>Temp\Final_Output\</Temporary_FilePath>
<Shared_FilePath>SharedPath\Final_Output\</Shared_FilePath>

<UK_Library_Excel>Uk Library.xlsx</UK_Library_Excel>
<Recruiter_Job_Search_Excel>Recruiter Job Search.xlsx</Recruiter_Job_Search_Excel>
<Output_MyHire_Excel>Output MyHire.xlsx</Output_MyHire_Excel>
<DataBase_Excel>DataBase.xlsx</DataBase_Excel>

<Cleanup_Filename>CleanUp.xaml</Cleanup_Filename>
<Delete_Filepath>DeleteFiles.xaml</Delete_Filepath>
<EnableAddIn_FilePath>EnableAddin.xaml</EnableAddIn_FilePath>
<Exception_FilePath>Exception.xaml</Exception_FilePath>
<GenericException_FilePath>GenericException.xaml</GenericException_FilePath>
<Login_FilePath>Login.xaml</Login_FilePath>
<Email_TO>sonali.hargunani@capgemini.com ; divya.abraham@capgemini.com</Email_TO>
<Email_Body>Hi, Final Output of Integration Data</Email_Body>
<Email_Subject>Integration_Data</Email_Subject>
</Configuration>


