<?xml version="1.0" encoding="ISO-8859-1"?>
<Configuration>

<Shared_FilePath>\\DIN56003291\SharedPath</Shared_FilePath>

<!--Shared_FilePath>\\punnfil02\Reporting and Analytics COE$\Reports\Karine\Global Reporting\Actual Deck\THOR</Shared_FilePath-->
<XMLLocalFolderPath>D:\Users\username\Documents\Recruitment RPA\</XMLLocalFolderPath>
<XMLURL_jobsite>https://www.jobsite.co.uk/cgi-bin/login_consultant.cgi</XMLURL_jobsite>
<XMLRecruiterFile>JobSite_Input.xlsx</XMLRecruiterFile>
<XMLRecruiterOutputFile>JobSite_Output.xlsx</XMLRecruiterOutputFile>
<!--<XMLUsername>satyajit.sathe@capgemini.com</XMLUsername>-->
<XMLSecurityCode>3848</XMLSecurityCode>
<Temporary_FilePath>Temp\Recruiter_Job\</Temporary_FilePath>
<ErrorLog_FilePath>ErrorLog\Recruiter_Job\Recruiter_ErrorLog_</ErrorLog_FilePath>
<User_Array>dabraham;sohargun;abhinans</User_Array>
<ScreenshotFolderName>ErrorLog\Recruiter_Job\Recruiter_Screenshot\</ScreenshotFolderName>


<Cleanup_Filepath>CleanUp.xaml</Cleanup_Filepath>
<GenericException_FilePath>GenericException.xaml</GenericException_FilePath>
<Delete_Filepath>DeleteFiles.xaml</Delete_Filepath>
<Exception_Filepath>Exception.xaml</Exception_Filepath>
<Login_Filepath>Login.xaml</Login_Filepath>
<SmartView_CredentialName>SmartViewAccess</SmartView_CredentialName>
<EnableAddIn_FilePath>EnableAddin.xaml</EnableAddIn_FilePath>


<Email_TO>divya.abraham@capgemini.com;sonali.hargunani@capgemini.com</Email_TO>
<Email_Subject>Recruiter Jobsite output File</Email_Subject>
<Email_Body>Hi,Please find the output file of Jobsite</Email_Body>
<Email_Body_FailureMessage>Email Fail</Email_Body_FailureMessage>
<Email_Subject_failure>Email Subject Fail</Email_Subject_failure>





</Configuration>


