<?xml version="1.0" encoding="ISO-8859-1"?>
<Configuration>
<ExcelFilePath>D:\Users\UserName\Documents\Input Myhire.xlsx</ExcelFilePath>
<WebSite>http://talent.capgemini.com/in</WebSite>
<SharedFilePath>D:\Users\UserName\Documents\Recruitment RPA\</SharedFilePath>
<ErrorLogFilePath>ErrorLog\MyHire\</ErrorLogFilePath>
<ExceptionFilePath>Exception.xaml</ExceptionFilePath>
<GenericException_FilePath>GenericException.xaml</GenericException_FilePath>
<CleanUpFilePath>CleanUp.xaml</CleanUpFilePath>
<DeleteFilePath>DeleteFiles.xaml</DeleteFilePath>
<EnableAddInFileName>EnableAddin.xaml</EnableAddInFileName>
<ScreenshotFolderPath>ErrorLog\MyHire\MyHire_ScreenShot</ScreenshotFolderPath>
<SendMailToDeveloper>SendMailToDeveloper.xaml</SendMailToDeveloper>
</Configuration>