<?xml version="1.0" encoding="ISO-8859-1"?>
<Configuration>

<Shared_FilePath>\\DIN56003291\SharedPath</Shared_FilePath>

<!--Shared_FilePath>\\punnfil02\Reporting and Analytics COE$\Reports\Karine\Global Reporting\Actual Deck\THOR</Shared_FilePath-->
<XMLLocalFolderPath>D:\Users\UserName\Documents\Recruitment RPA\</XMLLocalFolderPath>
<XMLEmailInputFile>Email_Candidate.xlsx</XMLEmailInputFile>
<Temporary_FilePath>Temp\Email_Candidate\</Temporary_FilePath>
<TemplateFilePath>Template\Email_Template\</TemplateFilePath>
<EmailTemplate>SendEmail_body.txt</EmailTemplate>
<ErrorLog_FilePath>ErrorLog\Email_Template\Email_ErrorLog_</ErrorLog_FilePath>

<ScreenshotFolderName>ErrorLog\Email_Template\Email_Screenshot\</ScreenshotFolderName>


<Cleanup_Filepath>CleanUp.xaml</Cleanup_Filepath>
<GenericException_FilePath>GenericException.xaml</GenericException_FilePath>
<Delete_Filepath>DeleteFiles.xaml</Delete_Filepath>
<Exception_Filepath>Exception.xaml</Exception_Filepath>
<Login_Filepath>Login.xaml</Login_Filepath>
<SmartView_CredentialName>SmartViewAccess</SmartView_CredentialName>
<EnableAddIn_FilePath>EnableAddin.xaml</EnableAddIn_FilePath>


<Email_TO>divya.abraham@capgemini.com;sonali.hargunani@capgemini.com</Email_TO>
<Email_CC>sonali.hargunani@capgemini.com</Email_CC>
<Email_Subject>Email_Template</Email_Subject>
<Email_Body>Hi</Email_Body>
<Email_Body_FailureMessage>Email Fail</Email_Body_FailureMessage>
<Email_Subject_failure>Email Subject Fail</Email_Subject_failure>





</Configuration>


