<?xml version="1.0" encoding="ISO-8859-1"?>
<Configuration>
<!--<Shared_FolderPath>\\punnfil02\Reporting and Analytics COE$\Reports\Karine\Global Reporting\Actual Deck\<Shared_FolderPath>-->
<Local_Folder_Path>D:\Users\UserName\Documents\Recruitment RPA\</Local_Folder_Path>
<ErrorLog_FilePath>ErrorLog\RMK\RMK_ErrorLog_</ErrorLog_FilePath>
<ScreenshotFilePath>ErrorLog\RMK\RMK_Screenshot\</ScreenshotFilePath>
<Temporary_FilePath>Temp\RMK\</Temporary_FilePath>
<Shared_FilePath>SharedPath\RMK\</Shared_FilePath>

<RMK_Excel>RMK_Input.xlsx</RMK_Excel>
<RMK_Username>1076687</RMK_Username>
<RMK_Password>Cap@123</RMK_Password>

<!--<XMLURL_RMK>https://performancemanager5.successfactors.eu/login#/login</XMLURL_RMK>-->

<Cleanup_Filename>CleanUp.xaml</Cleanup_Filename>
<Delete_Filepath>DeleteFiles.xaml</Delete_Filepath>
<EnableAddIn_FilePath>EnableAddin.xaml</EnableAddIn_FilePath>
<Exception_FilePath>Exception.xaml</Exception_FilePath>
<GenericException_FilePath>GenericException.xaml</GenericException_FilePath>
<Login_FilePath>Login.xaml</Login_FilePath>
<Email_TO>sonali.hargunani@capgemini.com ; divya.abraham@capgemini.com</Email_TO>
<Email_Body>Hi, Final Output of Integration Data</Email_Body>
<Email_Subject>Integration_Data</Email_Subject>
</Configuration>
